{"cameraMode":{"drawMode":0,"name":"Shaded","section":"Shading Mode"},"sceneLighting":false,"audioPlay":false,"sceneViewState":{"showFog":true,"showMaterialUpdate":false,"showSkybox":true,"showFlares":true,"showImageEffects":true,"showParticleSystems":true},"in2DMode":false,"pivot":{"x":55.285194396972659,"y":-1.9299999475479127,"z":-1.3700000047683716},"rotation":{"x":-0.25511178374290469,"y":0.049553073942661288,"z":-0.013092277571558953,"w":-0.9655522108078003},"size":22.0,"orthographic":false}