{"cameraMode":{"drawMode":0,"name":"Shaded","section":"Shading Mode"},"sceneLighting":false,"audioPlay":false,"sceneViewState":{"showFog":true,"showMaterialUpdate":false,"showSkybox":true,"showFlares":true,"showImageEffects":true,"showParticleSystems":true},"in2DMode":false,"pivot":{"x":58.50056838989258,"y":-1.9302929639816285,"z":-3.5636613368988039},"rotation":{"x":-0.3149629235267639,"y":-0.0694148913025856,"z":0.02310410514473915,"w":-0.9462801814079285},"size":2.8760600090026857,"orthographic":false}