{"cameraMode":{"drawMode":0,"name":"Shaded","section":"Shading Mode"},"sceneLighting":false,"audioPlay":false,"sceneViewState":{"showFog":true,"showMaterialUpdate":false,"showSkybox":true,"showFlares":true,"showImageEffects":true,"showParticleSystems":true},"in2DMode":false,"pivot":{"x":61.82398223876953,"y":-1.3526378870010377,"z":-3.4128353595733644},"rotation":{"x":-0.18078623712062837,"y":0.0165005624294281,"z":-0.003024917794391513,"w":-0.9833793640136719},"size":2.1102168560028078,"orthographic":false}