{"cameraMode":{"drawMode":0,"name":"Shaded","section":"Shading Mode"},"sceneLighting":false,"audioPlay":false,"sceneViewState":{"showFog":true,"showMaterialUpdate":false,"showSkybox":true,"showFlares":true,"showImageEffects":true,"showParticleSystems":true},"in2DMode":false,"pivot":{"x":67.90499877929688,"y":0.39219623804092409,"z":-13.471395492553711},"rotation":{"x":-0.2093452364206314,"y":0.3557826280593872,"z":-0.08210624009370804,"w":-0.9071118235588074},"size":0.33128562569618227,"orthographic":false}