{"cameraMode":{"drawMode":0,"name":"Shaded","section":"Shading Mode"},"sceneLighting":false,"audioPlay":false,"sceneViewState":{"showFog":true,"showMaterialUpdate":false,"showSkybox":true,"showFlares":true,"showImageEffects":true,"showParticleSystems":true},"in2DMode":false,"pivot":{"x":61.736854553222659,"y":-1.2428805828094483,"z":-3.477254867553711},"rotation":{"x":-0.3477659821510315,"y":0.09984493255615235,"z":-0.037267543375492099,"w":-0.9315046668052673},"size":2.3037376403808595,"orthographic":false}