{"cameraMode":{"drawMode":0,"name":"Shaded","section":"Shading Mode"},"sceneLighting":false,"audioPlay":false,"sceneViewState":{"showFog":true,"showMaterialUpdate":false,"showSkybox":true,"showFlares":true,"showImageEffects":true,"showParticleSystems":true},"in2DMode":false,"pivot":{"x":57.53351593017578,"y":-2.760525703430176,"z":-3.5452170372009279},"rotation":{"x":-0.2140517234802246,"y":-0.1744769811630249,"z":0.03888969495892525,"w":-0.960326611995697},"size":8.152562141418457,"orthographic":false}